{
  "1": {
    "diameter": 172.063,
    "min_x": -51.1445,
    "min_y": -51.223,
    "min_z": -70.072,
    "size_x": 102.289,
    "size_y": 102.446,
    "size_z": 140.144,
    "symmetries_discrete": [
      [-1,
      -4.31991e-014,
      0,
      0,
      4.31991e-014,
      -1,
      0,
      0,
      0,
      0,
      1,
      0,
      0,
      0,
      0,
      1]
    ]
  },
  "2": {
    "diameter": 269.573,
    "min_x": -35.865,
    "min_y": -81.9885,
    "min_z": -106.743,
    "size_x": 71.73,
    "size_y": 163.977,
    "size_z": 213.486
  },
  "3": {
    "diameter": 198.377,
    "min_x": -24.772,
    "min_y": -47.024,
    "min_z": -88.0075,
    "size_x": 49.544,
    "size_y": 94.048,
    "size_z": 176.015
  },
  "4": {
    "diameter": 120.543,
    "min_x": -33.927,
    "min_y": -33.875,
    "min_z": -51.0185,
    "size_x": 67.854,
    "size_y": 67.75,
    "size_z": 102.037
  },
  "5": {
    "diameter": 196.463,
    "min_x": -48.575,
    "min_y": -33.31,
    "min_z": -95.704,
    "size_x": 97.15,
    "size_y": 66.62,
    "size_z": 191.408
  },
  "6": {
    "diameter": 89.797,
    "min_x": -42.755,
    "min_y": -42.807,
    "min_z": -16.7555,
    "size_x": 85.51,
    "size_y": 85.614,
    "size_z": 33.511
  },
  "7": {
    "diameter": 142.543,
    "min_x": -68.924,
    "min_y": -64.3955,
    "min_z": -19.414,
    "size_x": 137.848,
    "size_y": 128.791,
    "size_z": 38.828
  },
  "8": {
    "diameter": 114.053,
    "min_x": -44.6775,
    "min_y": -50.5545,
    "min_z": -15.06,
    "size_x": 89.355,
    "size_y": 101.109,
    "size_z": 30.12
  },
  "9": {
    "diameter": 129.54,
    "min_x": -51.0615,
    "min_y": -30.161,
    "min_z": -41.8185,
    "size_x": 102.123,
    "size_y": 60.322,
    "size_z": 83.637
  },
  "10": {
    "diameter": 197.796,
    "min_x": -54.444,
    "min_y": -89.206,
    "min_z": -18.335,
    "size_x": 108.888,
    "size_y": 178.412,
    "size_z": 36.67
  },
  "11": {
    "diameter": 259.534,
    "min_x": -74.4985,
    "min_y": -72.3845,
    "min_z": -121.32,
    "size_x": 148.997,
    "size_y": 144.769,
    "size_z": 242.64
  },
  "12": {
    "diameter": 259.566,
    "min_x": -51.203,
    "min_y": -33.856,
    "min_z": -125.32,
    "size_x": 102.406,
    "size_y": 67.712,
    "size_z": 250.64
  },
  "13": {
    "diameter": 161.922,
    "min_x": -80.722,
    "min_y": -80.5565,
    "min_z": -27.485,
    "size_x": 161.444,
    "size_y": 161.113,
    "size_z": 54.97,
    "symmetries_continuous": [
      {
        "axis": [0,
        0,
        1],
        "offset": [0,
        0,
        0]
      }
    ]
  },
  "14": {
    "diameter": 124.99,
    "min_x": -58.483,
    "min_y": -46.5375,
    "min_z": -40.692,
    "size_x": 116.966,
    "size_y": 93.075,
    "size_z": 81.384
  },
  "15": {
    "diameter": 226.17,
    "min_x": -92.1205,
    "min_y": -93.717,
    "min_z": -28.6585,
    "size_x": 184.241,
    "size_y": 187.434,
    "size_z": 57.317
  },
  "16": {
    "diameter": 237.299,
    "min_x": -51.9755,
    "min_y": -51.774,
    "min_z": -102.945,
    "size_x": 103.951,
    "size_y": 103.548,
    "size_z": 205.89,
    "symmetries_discrete": [
      [0.00179515,
      -0.999956,
      -0.00918835,
      -0.451143,
      0.99999,
      0.00175811,
      0.00403816,
      -0.140551,
      -0.00402183,
      -0.00919551,
      0.99995,
      -0.00311599,
      0,
      0,
      0,
      1],
      [-0.91235,
      0.409408,
      0.00174142,
      -0.447974,
      0.409408,
      0.912315,
      0.00813459,
      0.104494,
      0.00174165,
      0.00813454,
      -0.999965,
      -0.378074,
      0,
      0,
      0,
      1],
      [-0.999923,
      -0.000141842,
      -0.0124131,
      -0.676942,
      0.000199091,
      -0.999989,
      -0.00461085,
      -0.897931,
      -0.0124123,
      -0.00461297,
      0.999912,
      -0.0102148,
      0,
      0,
      0,
      1],
      [0.398672,
      0.917025,
      0.0111883,
      -0.0193414,
      0.917024,
      -0.398762,
      0.00739889,
      0.0551928,
      0.0112464,
      0.00731019,
      -0.99991,
      -0.43156,
      0,
      0,
      0,
      1],
      [-0.41428,
      -0.910149,
      0.00109705,
      -0.786049,
      -0.910149,
      0.414278,
      -0.00180925,
      -0.502355,
      0.0011922,
      -0.00174801,
      -0.999998,
      -0.474172,
      0,
      0,
      0,
      1],
      [0.00204922,
      0.99999,
      -0.00387721,
      0.151877,
      -0.999955,
      0.00201313,
      -0.00929112,
      -0.438735,
      -0.00928322,
      0.00389608,
      0.999949,
      -0.0101433,
      0,
      0,
      0,
      1],
      [0.910561,
      -0.413226,
      0.0110989,
      -0.215161,
      -0.413226,
      -0.910625,
      -0.00243254,
      -1.0105,
      0.0111121,
      -0.00237138,
      -0.999935,
      -0.469675,
      0,
      0,
      0,
      1]
    ]
  },
  "17": {
    "diameter": 203.973,
    "min_x": -48.04,
    "min_y": -100.772,
    "min_z": -7.858,
    "size_x": 96.08,
    "size_y": 201.544,
    "size_z": 15.716
  },
  "18": {
    "diameter": 121.365,
    "min_x": -10.5195,
    "min_y": -60.4225,
    "min_z": -9.4385,
    "size_x": 21.039,
    "size_y": 120.845,
    "size_z": 18.877,
    "symmetries_continuous": [
      {
        "axis": [0,
        1,
        0],
        "offset": [0,
        0,
        0]
      }
    ]
  },
  "19": {
    "diameter": 174.746,
    "min_x": -59.978,
    "min_y": -85.639,
    "min_z": -19.575,
    "size_x": 119.956,
    "size_y": 171.278,
    "size_z": 39.15,
    "symmetries_discrete": [
      [-0.956581,
      -0.290993,
      -0.016633,
      18.9063,
      -0.290982,
      0.950137,
      0.112109,
      2.92162,
      -0.0168194,
      0.112082,
      -0.993557,
      -1.66987,
      0,
      0,
      0,
      1]
    ]
  },
  "20": {
    "diameter": 217.094,
    "min_x": -104.897,
    "min_y": -82.18,
    "min_z": -18.1665,
    "size_x": 209.794,
    "size_y": 164.36,
    "size_z": 36.333,
    "symmetries_discrete": [
      [0.971917,
      0.235286,
      -0.00430644,
      2.32402,
      0.235287,
      -0.971926,
      -0.000412312,
      -19.4767,
      -0.00428255,
      -0.000612514,
      -0.999991,
      0.15415,
      0,
      0,
      0,
      1]
    ]
  },
  "21": {
    "diameter": 102.903,
    "min_x": -26.315,
    "min_y": -38.921,
    "min_z": -25.5655,
    "size_x": 52.63,
    "size_y": 77.842,
    "size_z": 51.131,
    "symmetries_discrete": [
      [-0.999952,
      0.000161135,
      0.00982317,
      -0.36691,
      -0.000234507,
      -0.999972,
      -0.00746862,
      -0.664116,
      0.00982169,
      -0.00747056,
      0.999924,
      -0.00602884,
      0,
      0,
      0,
      1]
    ]
  }
}