{
  "0": [{"bbox_obj": [312, 227, 23, 31], "bbox_visib": [312, 227, 23, 31], "px_count_all": 448, "px_count_valid": 448, "px_count_visib": 448, "visib_fract": 1.0}],
  "1": [{"bbox_obj": [318, 231, 13, 22], "bbox_visib": [318, 231, 13, 22], "px_count_all": 228, "px_count_valid": 228, "px_count_visib": 226, "visib_fract": 0.9912280701754386}],
  "2": [{"bbox_obj": [316, 235, 15, 15], "bbox_visib": [316, 235, 15, 15], "px_count_all": 203, "px_count_valid": 203, "px_count_visib": 199, "visib_fract": 0.9802955665024631}],
  "3": [{"bbox_obj": [318, 234, 16, 18], "bbox_visib": [318, 234, 16, 18], "px_count_all": 248, "px_count_valid": 248, "px_count_visib": 239, "visib_fract": 0.9637096774193549}],
  "4": [{"bbox_obj": [-1, -1, -1, -1], "bbox_visib": [-1, -1, -1, -1], "px_count_all": 249, "px_count_valid": 249, "px_count_visib": 0, "visib_fract": 0.0}],
  "5": [{"bbox_obj": [320, 231, 11, 22], "bbox_visib": [321, 231, 7, 7], "px_count_all": 184, "px_count_valid": 184, "px_count_visib": 55, "visib_fract": 0.29891304347826086}],
  "6": [{"bbox_obj": [315, 233, 17, 19], "bbox_visib": [315, 233, 17, 19], "px_count_all": 266, "px_count_valid": 266, "px_count_visib": 260, "visib_fract": 0.9774436090225563}],
  "7": [{"bbox_obj": [313, 230, 22, 24], "bbox_visib": [318, 230, 17, 24], "px_count_all": 287, "px_count_valid": 287, "px_count_visib": 208, "visib_fract": 0.7247386759581882}],
  "8": [{"bbox_obj": [317, 232, 16, 21], "bbox_visib": [317, 232, 16, 21], "px_count_all": 276, "px_count_valid": 276, "px_count_visib": 273, "visib_fract": 0.9891304347826086}],
  "9": [{"bbox_obj": [313, 228, 21, 29], "bbox_visib": [313, 228, 21, 29], "px_count_all": 477, "px_count_valid": 477, "px_count_visib": 476, "visib_fract": 0.9979035639412998}],
  "10": [{"bbox_obj": [317, 231, 15, 22], "bbox_visib": [323, 231, 9, 10], "px_count_all": 168, "px_count_valid": 168, "px_count_visib": 63, "visib_fract": 0.375}],
  "11": [{"bbox_obj": [316, 228, 16, 28], "bbox_visib": [316, 228, 16, 28], "px_count_all": 349, "px_count_valid": 349, "px_count_visib": 349, "visib_fract": 1.0}],
  "12": [{"bbox_obj": [319, 233, 13, 19], "bbox_visib": [319, 233, 13, 19], "px_count_all": 213, "px_count_valid": 213, "px_count_visib": 212, "visib_fract": 0.9953051643192489}],
  "13": [{"bbox_obj": [316, 233, 17, 18], "bbox_visib": [316, 233, 17, 18], "px_count_all": 132, "px_count_valid": 132, "px_count_visib": 132, "visib_fract": 1.0}],
  "14": [{"bbox_obj": [318, 232, 13, 21], "bbox_visib": [318, 232, 13, 21], "px_count_all": 226, "px_count_valid": 226, "px_count_visib": 225, "visib_fract": 0.995575221238938}],
  "15": [{"bbox_obj": [318, 234, 13, 17], "bbox_visib": [318, 234, 13, 17], "px_count_all": 192, "px_count_valid": 192, "px_count_visib": 189, "visib_fract": 0.984375}],
  "16": [{"bbox_obj": [311, 225, 30, 35], "bbox_visib": [311, 225, 30, 35], "px_count_all": 587, "px_count_valid": 587, "px_count_visib": 587, "visib_fract": 1.0}],
  "17": [{"bbox_obj": [318, 234, 12, 17], "bbox_visib": [318, 234, 12, 17], "px_count_all": 182, "px_count_valid": 182, "px_count_visib": 180, "visib_fract": 0.989010989010989}],
  "18": [{"bbox_obj": [312, 231, 23, 24], "bbox_visib": [312, 231, 23, 24], "px_count_all": 451, "px_count_valid": 451, "px_count_visib": 445, "visib_fract": 0.9866962305986696}],
  "19": [{"bbox_obj": [310, 222, 27, 41], "bbox_visib": [310, 222, 27, 41], "px_count_all": 665, "px_count_valid": 665, "px_count_visib": 665, "visib_fract": 1.0}]
}