{
  "0": [{"cam_R_m2c": [0.3314572274684906, -0.9415836334228516, 0.059637632220983505, -0.606485903263092, -0.2610635459423065, -0.751013457775116, 0.7227110266685486, 0.2127595841884613, -0.6575886607170105], "cam_t_m2c": [-44.74526596069336, 89.7040786743164, 682.3395385742188], "obj_id": 1}],
  "1": [{"cam_R_m2c": [0.3314572274684906, -0.9415836334228516, 0.059637632220983505, -0.606485903263092, -0.2610635459423065, -0.751013457775116, 0.7227110266685486, 0.2127595841884613, -0.6575886607170105], "cam_t_m2c": [-44.74526596069336, 89.7040786743164, 682.3395385742188], "obj_id": 1}]
}