{
  "1": {"diameter": 47.76313824738703, "min_x": -13.096578, "min_y": -13.469075, "min_z": -1.533276, "size_x": 24.456674, "size_y": 24.665514, "size_z": 43.705449},
  "2": {"diameter": 72.67272320485745, "min_x": -15.462807, "min_y": -16.037291, "min_z": -1.48185, "size_x": 28.116360999999998, "size_y": 29.145975999999997, "size_z": 71.470795},
  "3": {"diameter": 39.40589214761308, "min_x": -10.449816, "min_y": -10.4671, "min_z": -1.654869, "size_x": 21.493401, "size_y": 21.232719, "size_z": 37.755027999999996},
  "4": {"diameter": 79.42137491754055, "min_x": -14.524727, "min_y": -14.772224, "min_z": -3.542143, "size_x": 29.72137, "size_y": 29.681547000000002, "size_z": 78.62304499999999},
  "5": {"diameter": 53.408474715846296, "min_x": -12.62461, "min_y": -12.18997, "min_z": -2.835575, "size_x": 24.785775, "size_y": 26.188718, "size_z": 51.373154},
  "6": {"diameter": 54.783103138817445, "min_x": -13.162649, "min_y": -12.254999, "min_z": -0.999528, "size_x": 24.887571, "size_y": 24.794127, "size_z": 53.406568}
}