{
  "1": {"diameter": 0.047762597940229336, "min_x": -0.013098, "min_y": -0.012468, "min_z": -0.00153, "size_x": 0.024461, "size_y": 0.024662999999999997, "size_z": 0.043703}
}