{
  "0": {"cam_K": [572.411363389757, 0.0, 325.2611083984375, 0.0, 573.5704328585578, 242.04899588216654, 0.0, 0.0, 1.0], "cam_R_w2c": [0.12988075613975525, 0.9627944827079773, 0.23697631061077118, 0.8143155574798584, 0.03278258070349693, -0.579495906829834, -0.5657041668891907, 0.2682388722896576, -0.7797606587409973], "cam_t_w2c": [153.4413604736328, 43.151493072509766, 769.0646362304688], "depth_scale": 0.1},
  "1": {"cam_K": [572.411363389757, 0.0, 325.2611083984375, 0.0, 573.5704328585578, 242.04899588216654, 0.0, 0.0, 1.0], "cam_R_w2c": [-0.9889699220657349, 0.1480843722820282, -0.003134282771497965, 0.12837029993534088, 0.8463705778121948, -0.5168926119804382, -0.07389094680547714, -0.5115935206413269, -0.8560447096824646], "cam_t_w2c": [-6.787372589111328, 151.17416381835938, 919.8141479492188], "depth_scale": 0.1},
  "2": {"cam_K": [572.411363389757, 0.0, 325.2611083984375, 0.0, 573.5704328585578, 242.04899588216654, 0.0, 0.0, 1.0], "cam_R_w2c": [0.8505303263664246, -0.5190616846084595, 0.08469454944133759, -0.509783923625946, -0.8532567620277405, -0.10987894237041473, 0.12930013239383698, 0.05027945339679718, -0.9903301000595093], "cam_t_w2c": [-58.85122299194336, -150.3978271484375, 914.54150390625], "depth_scale": 0.1},
  "3": {"cam_K": [572.411363389757, 0.0, 325.2611083984375, 0.0, 573.5704328585578, 242.04899588216654, 0.0, 0.0, 1.0], "cam_R_w2c": [-0.8718194365501404, 0.485672265291214, -0.06366422772407532, 0.48919063806533813, 0.8566768765449524, -0.1636987179517746, -0.024964265525341034, -0.17385968565940857, -0.9844538569450378], "cam_t_w2c": [52.37090301513672, 156.2873077392578, 800.3352661132812], "depth_scale": 0.1},
  "4": {"cam_K": [572.411363389757, 0.0, 325.2611083984375, 0.0, 573.5704328585578, 242.04899588216654, 0.0, 0.0, 1.0], "cam_R_w2c": [0.09765241295099258, -0.9829455018043518, -0.15582768619060516, -0.12940116226673126, 0.14270640909671783, -0.9812697172164917, 0.9867722392082214, 0.11598768085241318, -0.11325869709253311], "cam_t_w2c": [-151.40249633789062, 40.34995651245117, 1025.46826171875], "depth_scale": 0.1},
  "5": {"cam_K": [572.411363389757, 0.0, 325.2611083984375, 0.0, 573.5704328585578, 242.04899588216654, 0.0, 0.0, 1.0], "cam_R_w2c": [-0.42027026414871216, 0.9062325954437256, -0.04599149152636528, 0.22279947996139526, 0.05392570421099663, -0.9733716249465942, -0.8796210289001465, -0.4193260967731476, -0.22457146644592285], "cam_t_w2c": [133.50149536132812, 36.83133316040039, 1073.9197998046875], "depth_scale": 0.1},
  "6": {"cam_K": [572.411363389757, 0.0, 325.2611083984375, 0.0, 573.5704328585578, 242.04899588216654, 0.0, 0.0, 1.0], "cam_R_w2c": [0.4606975317001343, -0.8825980424880981, 0.09369372576475143, -0.8605563044548035, -0.47002652287483215, -0.19625991582870483, 0.21725714206695557, 0.009787735529243946, -0.9760653376579285], "cam_t_w2c": [-129.4966583251953, -97.83995819091797, 833.4947509765625], "depth_scale": 0.1},
  "7": {"cam_K": [572.411363389757, 0.0, 325.2611083984375, 0.0, 573.5704328585578, 242.04899588216654, 0.0, 0.0, 1.0], "cam_R_w2c": [0.6948105096817017, -0.5656985640525818, 0.4440985321998596, -0.30610716342926025, -0.7913845777511597, -0.5291587710380554, 0.6507970094680786, 0.23172332346439362, -0.7230267524719238], "cam_t_w2c": [-79.0171890258789, -124.99156951904297, 986.0452880859375], "depth_scale": 0.1},
  "8": {"cam_K": [572.411363389757, 0.0, 325.2611083984375, 0.0, 573.5704328585578, 242.04899588216654, 0.0, 0.0, 1.0], "cam_R_w2c": [0.7651578187942505, 0.6438413858413696, -0.0013568117283284664, 0.622564971446991, -0.7404063940048218, -0.25339964032173157, -0.16415375471115112, 0.19304600358009338, -0.9673608541488647], "cam_t_w2c": [127.1130142211914, -94.06591033935547, 860.4853515625], "depth_scale": 0.1},
  "9": {"cam_K": [572.411363389757, 0.0, 325.2611083984375, 0.0, 573.5704328585578, 242.04899588216654, 0.0, 0.0, 1.0], "cam_R_w2c": [0.9840927124023438, 0.11833308637142181, 0.1325095295906067, 0.1578267216682434, -0.9247556328773499, -0.34629178047180176, 0.0815611407160759, 0.3616967499256134, -0.9287214279174805], "cam_t_w2c": [46.587947845458984, -136.0325469970703, 732.6625366210938], "depth_scale": 0.1},
  "10": {"cam_K": [572.411363389757, 0.0, 325.2611083984375, 0.0, 573.5704328585578, 242.04899588216654, 0.0, 0.0, 1.0], "cam_R_w2c": [0.37404394149780273, 0.8505927324295044, 0.36957186460494995, 0.3488341271877289, 0.24019576609134674, -0.9058813452720642, -0.8593055605888367, 0.46775877475738525, -0.20687203109264374], "cam_t_w2c": [104.66973114013672, 143.60052490234375, 877.1936645507812], "depth_scale": 0.1},
  "11": {"cam_K": [572.411363389757, 0.0, 325.2611083984375, 0.0, 573.5704328585578, 242.04899588216654, 0.0, 0.0, 1.0], "cam_R_w2c": [0.9136571884155273, -0.39540895819664, 0.09424616396427155, -0.283174604177475, -0.7854850888252258, -0.5502958297729492, 0.2916208505630493, 0.4760936200618744, -0.8296338319778442], "cam_t_w2c": [356.7671813964844, -68.55570983886719, 916.16650390625], "depth_scale": 0.1},
  "12": {"cam_K": [572.411363389757, 0.0, 325.2611083984375, 0.0, 573.5704328585578, 242.04899588216654, 0.0, 0.0, 1.0], "cam_R_w2c": [0.30175578594207764, 0.9495410323143005, -0.08552923053503036, 0.8819133639335632, -0.31208863854408264, -0.3533121347427368, -0.3621770739555359, 0.03118460811674595, -0.9315875172615051], "cam_t_w2c": [83.942138671875, 351.7333068847656, 847.4981689453125], "depth_scale": 0.1},
  "13": {"cam_K": [572.411363389757, 0.0, 325.2611083984375, 0.0, 573.5704328585578, 242.04899588216654, 0.0, 0.0, 1.0], "cam_R_w2c": [-0.24139614403247833, 0.7616384029388428, 0.6013609170913696, -0.05329173058271408, 0.6083476543426514, -0.7918795347213745, -0.9689623117446899, -0.22320419549942017, -0.10626376420259476], "cam_t_w2c": [-130.11553955078125, -23.368505477905273, 967.2098388671875], "depth_scale": 0.1},
  "14": {"cam_K": [572.411363389757, 0.0, 325.2611083984375, 0.0, 573.5704328585578, 242.04899588216654, 0.0, 0.0, 1.0], "cam_R_w2c": [0.3335258364677429, 0.9427119493484497, -0.0074042463675141335, 0.8427718281745911, -0.30166909098625183, -0.44579315185546875, -0.42248812317848206, 0.1424434632062912, -0.8951054811477661], "cam_t_w2c": [94.47867584228516, 338.6018371582031, 831.516845703125], "depth_scale": 0.1},
  "15": {"cam_K": [572.411363389757, 0.0, 325.2611083984375, 0.0, 573.5704328585578, 242.04899588216654, 0.0, 0.0, 1.0], "cam_R_w2c": [0.9899776577949524, 0.14119108021259308, 0.0030546532943844795, 0.13699407875537872, -0.9548463821411133, -0.2636306881904602, -0.034305572509765625, 0.26140695810317993, -0.9646189212799072], "cam_t_w2c": [369.517822265625, 89.77455139160156, 982.7592163085938], "depth_scale": 0.1},
  "16": {"cam_K": [572.411363389757, 0.0, 325.2611083984375, 0.0, 573.5704328585578, 242.04899588216654, 0.0, 0.0, 1.0], "cam_R_w2c": [0.5098172426223755, 0.7548444867134094, -0.4126695990562439, 0.514417827129364, -0.6519719958305359, -0.5570518970489502, -0.6895365715026855, 0.07171006500720978, -0.7206920385360718], "cam_t_w2c": [176.33480834960938, 228.68748474121094, 395.2033996582031], "depth_scale": 0.1},
  "17": {"cam_K": [572.411363389757, 0.0, 325.2611083984375, 0.0, 573.5704328585578, 242.04899588216654, 0.0, 0.0, 1.0], "cam_R_w2c": [-0.5450047850608826, 0.8352976441383362, 0.07244166731834412, 0.7720167636871338, 0.5336581468582153, -0.3452523648738861, -0.32704755663871765, -0.1322379857301712, -0.9357100129127502], "cam_t_w2c": [-235.84780883789062, 281.4705505371094, 949.726806640625], "depth_scale": 0.1},
  "18": {"cam_K": [572.411363389757, 0.0, 325.2611083984375, 0.0, 573.5704328585578, 242.04899588216654, 0.0, 0.0, 1.0], "cam_R_w2c": [0.2655760943889618, 0.9524156451225281, 0.14957906305789948, 0.9559171199798584, -0.23997706174850464, -0.16921466588974, -0.1252671629190445, 0.1879245638847351, -0.9741625785827637], "cam_t_w2c": [65.02658081054688, 373.26123046875, 589.5825805664062], "depth_scale": 0.1},