{
  "0": {"cam_K": [572.411363389757, 0.0, 325.2611083984375, 0.0, 573.5704328585578, 242.04899588216654, 0.0, 0.0, 1.0], "cam_R_w2c": [-0.7789756059646606, 0.3873095214366913, 0.4931412935256958, 0.0035085189156234264, 0.7891210317611694, -0.6142277121543884, -0.6270444393157959, -0.47673821449279785, -0.6160649061203003], "cam_t_w2c": [111.14765930175781, 128.41845703125, 1082.65966796875], "depth_scale": 0.1},
  "1": {"cam_K": [572.411363389757, 0.0, 325.2611083984375, 0.0, 573.5704328585578, 242.04899588216654, 0.0, 0.0, 1.0], "cam_R_w2c": [-0.8079407215118408, -0.5255417823791504, 0.2665294408798218, -0.569012463092804, 0.5782463550567627, -0.5846846103668213, 0.15315647423267365, -0.6240489482879639, -0.7662286162376404], "cam_t_w2c": [-1.4759786128997803, 154.93099975585938, 296.52215576171875], "depth_scale": 0.1},
  "2": {"cam_K": [572.411363389757, 0.0, 325.2611083984375, 0.0, 573.5704328585578, 242.04899588216654, 0.0, 0.0, 1.0], "cam_R_w2c": [-0.881325900554657, 0.4723513424396515, -0.012197660282254219, 0.35158345103263855, 0.6383101344108582, -0.6847986578941345, -0.3156796991825104, -0.6078193187713623, -0.7286301851272583], "cam_t_w2c": [39.41818618774414, 73.0810775756836, 493.2201232910156], "depth_scale": 0.1},
  "3": {"cam_K": [572.411363389757, 0.0, 325.2611083984375, 0.0, 573.5704328585578, 242.04899588216654, 0.0, 0.0, 1.0], "cam_R_w2c": [-0.42884883284568787, 0.8538274168968201, 0.29507195949554443, 0.14028583467006683, 0.38561344146728516, -0.911933183670044, -0.8924172520637512, -0.34968703985214233, -0.28514978289604187], "cam_t_w2c": [56.84929275512695, 62.144264221191406, 267.8385925292969], "depth_scale": 0.1},
  "4": {"cam_K": [572.411363389757, 0.0, 325.2611083984375, 0.0, 573.5704328585578, 242.04899588216654, 0.0, 0.0, 1.0], "cam_R_w2c": [0.9416511058807373, -0.32925593852996826, 0.06988325715065002, -0.27762725949287415, -0.87715744972229, -0.3918139636516571, 0.1903056800365448, 0.3495505750179291, -0.9173867106437683], "cam_t_w2c": [-78.55020904541016, 153.5543975830078, 411.6321716308594], "depth_scale": 0.1},
  "5": {"cam_K": [572.411363389757, 0.0, 325.2611083984375, 0.0, 573.5704328585578, 242.04899588216654, 0.0, 0.0, 1.0], "cam_R_w2c": [0.9834679961204529, -0.12765201926231384, 0.12843556702136993, -0.06025870889425278, -0.8995493054389954, -0.4326430857181549, 0.17076188325881958, 0.417751282453537, -0.8923701047897339], "cam_t_w2c": [-110.39032745361328, 129.93739318847656, 495.576904296875], "depth_scale": 0.1},
  "6": {"cam_K": [572.411363389757, 0.0, 325.2611083984375, 0.0, 573.5704328585578, 242.04899588216654, 0.0, 0.0, 1.0], "cam_R_w2c": [-0.779487669467926, -0.5938189625740051, 0.19944441318511963, -0.2178458422422409, -0.041544366627931595, -0.9750986099243164, 0.5873178243637085, -0.803525447845459, -0.09697768837213516], "cam_t_w2c": [199.09144592285156, 73.45133972167969, 435.9112854003906], "depth_scale": 0.1},
  "7": {"cam_K": [572.411363389757, 0.0, 325.2611083984375, 0.0, 573.5704328585578, 242.04899588216654, 0.0, 0.0, 1.0], "cam_R_w2c": [-0.4379037916660309, -0.6555624008178711, -0.6152059435844421, -0.039061494171619415, 0.6975336074829102, -0.7154866456985474, 0.898172914981842, -0.28928342461586, -0.33105987310409546], "cam_t_w2c": [139.9435272216797, -1.738600730895996, 271.60577392578125], "depth_scale": 0.1},
  "8": {"cam_K": [572.411363389757, 0.0, 325.2611083984375, 0.0, 573.5704328585578, 242.04899588216654, 0.0, 0.0, 1.0], "cam_R_w2c": [0.6790731549263, -0.7339842915534973, -0.011257071048021317, -0.4501519799232483, -0.4042639136314392, -0.7961997985839844, 0.5798472762107849, 0.5457453727722168, -0.6049292683601379], "cam_t_w2c": [-59.50761413574219, 159.85879516601562, 267.8237609863281], "depth_scale": 0.1},
  "9": {"cam_K": [572.411363389757, 0.0, 325.2611083984375, 0.0, 573.5704328585578, 242.04899588216654, 0.0, 0.0, 1.0], "cam_R_w2c": [-0.43387144804000854, 0.9007050395011902, 0.02204953134059906, 0.5269728302955627, 0.2735420763492584, -0.8046579360961914, -0.730790913105011, -0.3374985456466675, -0.5933292508125305], "cam_t_w2c": [-12.152422904968262, -126.12938690185547, 1122.8187255859375], "depth_scale": 0.1},
  "10": {"cam_K": [572.411363389757, 0.0, 325.2611083984375, 0.0, 573.5704328585578, 242.04899588216654, 0.0, 0.0, 1.0], "cam_R_w2c": [0.19124993681907654, -0.8400022983551025, 0.5077595710754395, -0.6119086742401123, -0.5065139532089233, -0.6074633002281189, 0.7674577236175537, -0.1945250928401947, -0.6108754873275757], "cam_t_w2c": [11.378923416137695, 138.40643310546875, 290.5865478515625], "depth_scale": 0.1},
  "11": {"cam_K": [572.411363389757, 0.0, 325.2611083984375, 0.0, 573.5704328585578, 242.04899588216654, 0.0, 0.0, 1.0], "cam_R_w2c": [-0.0397416315972805, -0.9986847043037415, 0.03239884227514267, -0.9622460007667542, 0.029513482004404068, -0.27057671546936035, 0.2692645788192749, -0.04192878678441048, -0.9621532559394836], "cam_t_w2c": [67.90061950683594, 148.0967559814453, 444.87408447265625], "depth_scale": 0.1},
  "12": {"cam_K": [572.411363389757, 0.0, 325.2611083984375, 0.0, 573.5704328585578, 242.04899588216654, 0.0, 0.0, 1.0], "cam_R_w2c": [-0.6689636707305908, 0.6912521719932556, -0.27323612570762634, 0.510145902633667, 0.1596307009458542, -0.845144510269165, -0.5405911207199097, -0.704761266708374, -0.459426611661911], "cam_t_w2c": [-61.38753128051758, 58.05881881713867, 202.06948852539062], "depth_scale": 0.1},
  "13": {"cam_K": [572.411363389757, 0.0, 325.2611083984375, 0.0, 573.5704328585578, 242.04899588216654, 0.0, 0.0, 1.0], "cam_R_w2c": [0.9985033869743347, -0.04828282445669174, 0.02568500116467476, -0.04559660702943802, -0.99428790807724, -0.09650217741727829, 0.030197681859135628, 0.09518660604953766, -0.9950014352798462], "cam_t_w2c": [86.46536254882812, 10.391228675842285, 861.4086303710938], "depth_scale": 0.1},
  "14": {"cam_K": [572.411363389757, 0.0, 325.2611083984375, 0.0, 573.5704328585578, 242.04899588216654, 0.0, 0.0, 1.0], "cam_R_w2c": [0.8521080613136292, -0.5171175003051758, -0.08063101768493652, -0.5233554840087891, -0.8409461379051208, -0.13750948011875153, 0.0033022298011928797, 0.15937162935733795, -0.9872132539749146], "cam_t_w2c": [-185.6959686279297, -159.86245727539062, 863.0382080078125], "depth_scale": 0.1},
  "15": {"cam_K": [572.411363389757, 0.0, 325.2611083984375, 0.0, 573.5704328585578, 242.04899588216654, 0.0, 0.0, 1.0], "cam_R_w2c": [0.23897546529769897, -0.8000780940055847, -0.5502417087554932, -0.6430097818374634, 0.2942262589931488, -0.7070851922035217, 0.727618932723999, 0.5227868556976318, -0.44414520263671875], "cam_t_w2c": [-191.87538146972656, 144.32040405273438, 638.3742065429688], "depth_scale": 0.1},
  "16": {"cam_K": [572.411363389757, 0.0, 325.2611083984375, 0.0, 573.5704328585578, 242.04899588216654, 0.0, 0.0, 1.0], "cam_R_w2c": [-0.5814534425735474, -0.7715511322021484, -0.2581101953983307, -0.7059253454208374, 0.6361663341522217, -0.31138694286346436, 0.4044519364833832, 0.0011495279613882303, -0.9145585894584656], "cam_t_w2c": [-260.0494384765625, 115.30950927734375, 886.62646484375], "depth_scale": 0.1},
  "17": {"cam_K": [572.411363389757, 0.0, 325.2611083984375, 0.0, 573.5704328585578, 242.04899588216654, 0.0, 0.0, 1.0], "cam_R_w2c": [-0.9186006188392639, 0.2511121928691864, -0.3051483631134033, 0.35880401730537415, 0.2063416838645935, -0.9103201031684875, -0.16562765836715698, -0.9457091093063354, -0.2796456217765808], "cam_t_w2c": [-9.893832206726074, 106.73013305664062, 459.5882568359375], "depth_scale": 0.1}
}