{
  "0": [{"bbox_obj": [114, 423, 31, 44], "bbox_visib": [114, 423, 31, 44], "px_count_all": 1098, "px_count_valid": 1098, "px_count_visib": 1068, "visib_fract": 0.9726775956284153}],
  "1": [{"bbox_obj": [171, 141, 19, 30], "bbox_visib": [171, 141, 19, 30], "px_count_all": 340, "px_count_valid": 340, "px_count_visib": 340, "visib_fract": 1.0}],
  "2": [{"bbox_obj": [515, 275, 31, 17], "bbox_visib": [515, 275, 31, 17], "px_count_all": 441, "px_count_valid": 441, "px_count_visib": 440, "visib_fract": 0.9977324263038548}],
  "3": [{"bbox_obj": [89, 180, 34, 25], "bbox_visib": [89, 180, 34, 25], "px_count_all": 533, "px_count_valid": 533, "px_count_visib": 527, "visib_fract": 0.9887429643527205}],
  "4": [{"bbox_obj": [434, 188, 15, 34], "bbox_visib": [434, 188, 11, 27], "px_count_all": 253, "px_count_valid": 253, "px_count_visib": 170, "visib_fract": 0.6719367588932806}],
  "5": [{"bbox_obj": [151, 239, 17, 39], "bbox_visib": [151, 239, 17, 39], "px_count_all": 354, "px_count_valid": 354, "px_count_visib": 354, "visib_fract": 1.0}],
  "6": [{"bbox_obj": [516, 156, 33, 29], "bbox_visib": [516, 156, 33, 29], "px_count_all": 522, "px_count_valid": 522, "px_count_visib": 521, "visib_fract": 0.9980842911877394}],
  "7": [{"bbox_obj": [476, 283, 33, 27], "bbox_visib": [476, 283, 33, 27], "px_count_all": 386, "px_count_valid": 386, "px_count_visib": 386, "visib_fract": 1.0}],
  "8": [{"bbox_obj": [346, 474, 22, 28], "bbox_visib": [348, 474, 17, 5], "px_count_all": 502, "px_count_valid": 78, "px_count_visib": 78, "visib_fract": 0.1553784860557769}],
  "9": [{"bbox_obj": [508, 462, 51, 28], "bbox_visib": [508, 462, 51, 17], "px_count_all": 1119, "px_count_valid": 681, "px_count_visib": 681, "visib_fract": 0.6085790884718498}],
  "10": [{"bbox_obj": [387, 257, 22, 34], "bbox_visib": [387, 257, 22, 34], "px_count_all": 289, "px_count_valid": 289, "px_count_visib": 289, "visib_fract": 1.0}],
  "11": [{"bbox_obj": [369, 139, 22, 38], "bbox_visib": [369, 139, 22, 38], "px_count_all": 472, "px_count_valid": 472, "px_count_visib": 472, "visib_fract": 1.0}],
  "12": [{"bbox_obj": [406, 287, 17, 23], "bbox_visib": [406, 287, 17, 23], "px_count_all": 326, "px_count_valid": 326, "px_count_visib": 310, "visib_fract": 0.950920245398773}],
  "13": [{"bbox_obj": [337, 250, 26, 32], "bbox_visib": [337, 250, 26, 24], "px_count_all": 266, "px_count_valid": 266, "px_count_visib": 111, "visib_fract": 0.41729323308270677}],
  "14": [{"bbox_obj": [406, 281, 19, 26], "bbox_visib": [406, 281, 19, 26], "px_count_all": 367, "px_count_valid": 367, "px_count_visib": 360, "visib_fract": 0.9809264305177112}],
  "15": [{"bbox_obj": [404, 182, 18, 23], "bbox_visib": [404, 182, 18, 23], "px_count_all": 312, "px_count_valid": 312, "px_count_visib": 306, "visib_fract": 0.9807692307692307}],
  "16": [{"bbox_obj": [464, 212, 38, 55], "bbox_visib": [464, 212, 38, 55], "px_count_all": 1241, "px_count_valid": 1241, "px_count_visib": 1234, "visib_fract": 0.9943593875906527}],
  "17": [{"bbox_obj": [324, 328, 15, 20], "bbox_visib": [324, 328, 15, 20], "px_count_all": 257, "px_count_valid": 257, "px_count_visib": 245, "visib_fract": 0.953307392996109}],
  "18": [{"bbox_obj": [435, 329, 41, 26], "bbox_visib": [435, 329, 41, 26], "px_count_all": 831, "px_count_valid": 831, "px_count_visib": 831, "visib_fract": 1.0}],
  "19": [{"bbox_obj": [420, 323, 47, 63], "bbox_visib": [420, 323, 47, 63], "px_count_all": 1457, "px_count_valid": 1457, "px_count_visib": 1457, "visib_fract": 1.0}]
}