{
    "0": [
        {
            "cam_R_m2c": [
                -0.5698855519294739,
                0.7868117094039917,
                0.23697634041309357,
                0.5671120882034302,
                0.5852935314178467,
                -0.5794957876205444,
                -0.5946547985076904,
                -0.19585414230823517,
                -0.7797607183456421
            ],
            "cam_t_m2c": [
                -186.05728149414062,
                202.42352294921875,
                545.6212158203125
            ],
            "obj_id": 2
        }
    ],
    "1": [
        {
            "cam_R_m2c": [
                -0.8183214068412781,
                -0.5747531652450562,
                -0.003134289290755987,
                -0.4906933605670929,
                0.701457142829895,
                -0.5168927311897278,
                0.2992842197418213,
                -0.42144617438316345,
                -0.8560450077056885
            ],
            "cam_t_m2c": [
                -272.9661865234375,
                -145.33641052246094,
                1098.095458984375
            ],
            "obj_id": 2
        }
    ],
    "2": [
        {
            "cam_R_m2c": [
                0.9738906621932983,
                0.21062709391117096,
                0.08469457179307938,
                0.21922604739665985,
                -0.9694676399230957,
                -0.10987897962331772,
                0.05896512046456337,
                0.12557736039161682,
                -0.9903303980827332
            ],
            "cam_t_m2c": [
                319.6567687988281,
                66.9495620727539,
                921.3007202148438
            ],
            "obj_id": 2
        }
    ],
    "3": [
        {
            "cam_R_m2c": [
                -0.9662827253341675,
                -0.24948838353157043,
                -0.06366422772407532,
                -0.23649802803993225,
                0.9577428698539734,
                -0.1636987179517746,
                0.1018148884177208,
                -0.14312279224395752,
                -0.9844539165496826
            ],
            "cam_t_m2c": [
                -317.8785705566406,
                -67.13643646240234,
                859.9257202148438
            ],
            "obj_id": 2
        }
    ],
    "4": [
        {
            "cam_R_m2c": [
                0.7485586404800415,
                -0.6444980502128601,
                -0.15582779049873352,
                -0.1921214759349823,
                0.014111427590250969,
                -0.9812698364257812,
                0.6346253752708435,
                0.76447594165802,
                -0.11325869709253311
            ],
            "cam_t_m2c": [
                244.14401245117188,
                -42.99217224121094,
                1190.2435302734375
            ],
            "obj_id": 2
        }
    ],
    "5": [
        {
            "cam_R_m2c": [
                -0.9292945265769958,
                0.36646589636802673,
                -0.04599156975746155,
                0.12416201084852219,
                0.19269481301307678,
                -0.9733719229698181,
                -0.3478451669216156,
                -0.9102591872215271,
                -0.22457170486450195
            ],
            "cam_t_m2c": [
                -301.4688415527344,
                62.0468635559082,
                1047.1092529296875
            ],
            "obj_id": 2
        }
    ],
    "6": [
        {
            "cam_R_m2c": [
                0.9422726631164551,
                -0.321471244096756,
                0.09369374811649323,
                -0.29907557368278503,
                -0.9338290691375732,
                -0.19625993072986603,
                0.1505858153104782,
                0.15690885484218597,
                -0.9760657548904419
            ],
            "cam_t_m2c": [
                305.0965881347656,
                -101.22032928466797,
                874.3734130859375
            ],
            "obj_id": 2
        }
    ],
    "7": [
        {
            "cam_R_m2c": [
                0.8932808041572571,
                0.0694686695933342,
                0.44409865140914917,
                0.32405969500541687,
                -0.7842047810554504,
                -0.5291588306427002,
                0.3115041255950928,
                0.616601824760437,
                -0.7230271100997925
            ],
            "cam_t_m2c": [
                284.8055725097656,
                111.30596923828125,
                1034.5255126953125
            ],
            "obj_id": 2
        }
    ],
    "8": [
        {
            "cam_R_m2c": [
                0.11012578010559082,
                0.9939168691635132,
                -0.0013567782007157803,
                0.9614400863647461,
                -0.10687360167503357,
                -0.25339969992637634,
                -0.25200319290161133,
                0.026601416990160942,
                -0.9673610925674438
            ],
            "cam_t_m2c": [
                43.65083694458008,
                320.072265625,
                750.58740234375
            ],
            "obj_id": 2
        }
    ],
    "9": [
        {
            "cam_R_m2c": [
                0.631067156791687,
                0.7643269300460815,
                0.13250958919525146,
                0.7520087957382202,
                -0.560861349105835,
                -0.34629184007644653,
                -0.1903606504201889,
                0.3181817829608917,
                -0.9287217259407043
            ],
            "cam_t_m2c": [
                210.26434326171875,
                249.78485107421875,
                610.5608520507812
            ],
            "obj_id": 2
        }
    ],
    "10": [
        {
            "cam_R_m2c": [
                -0.7497639656066895,
                0.5488812327384949,
                0.36957186460494995,
                -0.15920943021774292,
                0.3924686908721924,
                -0.9058811664581299,
                -0.6422665119171143,
                -0.7380363941192627,
                -0.20687179267406464
            ],
            "cam_t_m2c": [
                136.2629852294922,
                93.73993682861328,
                1144.80859375
            ],
            "obj_id": 2
        }
    ],
    "11": [
        {
            "cam_R_m2c": [
                0.5833590030670166,
                0.806727945804596,
                0.09424617886543274,
                0.705812931060791,
                -0.44609713554382324,
                -0.5502957701683044,
                -0.40189599990844727,
                0.38754016160964966,
                -0.8296337723731995
            ],
            "cam_t_m2c": [
                86.3178482055664,
                -112.70006561279297,
                912.9384155273438
            ],
            "obj_id": 2
        }
    ],
    "12": [
        {
            "cam_R_m2c": [
                -0.8619868159294128,
                0.49966326355934143,
                -0.08552925288677216,
                0.4951501786708832,
                0.7937234044075012,
                -0.3533121645450592,
                -0.10865054279565811,
                -0.34690025448799133,
                -0.9315874576568604
            ],
            "cam_t_m2c": [
                145.74803161621094,
                99.76883697509766,
                935.792724609375
            ],
            "obj_id": 2
        }
    ],
    "13": [
        {
            "cam_R_m2c": [
                -0.795794665813446,
                -0.07124824821949005,
                0.6013610363006592,
                -0.6055042147636414,
                0.07932021468877792,
                -0.7918795347213745,
                0.008719849400222301,
                -0.9942998886108398,
                -0.10626396536827087
            ],